order_id,order_date,customer,city,product,category,quantity,unit_price,payment_method,rating
1001,2026-01-05,Ayesha,Karachi,Notebook,Stationery,3,450,Card,5
1002,2026-01-06,Bilal,Lahore,Pen Set,Stationery,2,300,Cash,4
1003,2026-01-08,Chris,Islamabad,Desk Lamp,Office,1,2500,Card,5
1004,2026-01-10,Diya,Karachi,Water Bottle,Accessories,2,1200,Mobile Wallet,4
1005,2026-01-12,Emad,Lahore,Backpack,Accessories,1,3500,Card,5
1006,2026-01-15,Farah,Islamabad,Notebook,Stationery,5,450,Cash,3
1007,2026-01-17,Ghani,Karachi,Office Chair,Office,1,18500,Card,4
1008,2026-01-20,Hina,Lahore,Pen Set,Stationery,4,300,Mobile Wallet,5
1009,2026-01-22,Imran,Islamabad,Desk Lamp,Office,2,2500,Card,4
1010,2026-01-25,Javeria,Karachi,Backpack,Accessories,1,3500,Cash,5
1011,2026-01-27,Kashif,Lahore,Water Bottle,Accessories,3,1200,Card,
1012,2026-01-29,Laila,Islamabad,Notebook,Stationery,2,450,Mobile Wallet,4
1013,2026-02-02,Muneeb,Karachi,Office Chair,Office,1,18500,Card,5
1014,2026-02-04,Nadia,Lahore,Desk Lamp,Office,1,2500,Cash,3
1015,2026-02-06,Osman,Islamabad,Backpack,Accessories,,3500,Card,4
