R&D Spend,Administration,Marketing Spend,State,Profit
165349.2,136897.8,471784.1,New York,192261.83
162597.7,151377.59,443898.53,California,191792.06
153441.51,101145.55,407934.54,Florida,191050.39
144372.41,118671.85,383199.62,New York,182901.99
142107.34,91391.77,366168.42,Florida,166187.94
131876.9,99814.71,362861.36,New York,156991.12
134615.46,147198.87,127716.26,California,156122.51
130298.13,145530.06,323876.68,Florida,155752.6
120542.52,148718.95,311613.29,New York,152211.77
123334.88,108679.17,304981.62,California,149759.96
101913.08,99395.83,304142.5,Florida,146121.95
100671.96,91790.61,229160.95,New York,141585.52
93863.75,127320.38,249839.44,California,134307.35
91992.39,135495.07,252664.93,Florida,132602.65
119943.24,156547.42,256512.92,New York,129917.04
114523.61,122616.84,261776.23,California,126992.93
78013.11,121597.55,264346.06,Florida,125370.37
94657.16,145077.58,282574.31,New York,122776.86
91749.16,114175.79,294919.57,California,118474.03
86419.7,153514.11,0.0,Florida,111313.02
76253.86,113867.3,298664.47,New York,109741.26
78389.47,153773.43,299737.29,California,105008.31
66577.7,144135.8,299737.29,Florida,103282.38
71275.87,153773.43,299737.29,New York,100000
85510.4,131674.06,201200.0,California,98124.5
92430.3,116671.0,194950.0,Florida,97213.0
