age,bought_insurance
22,0
25,0
28,0
30,0
32,1
35,0
36,1
38,1
40,1
42,1
44,1
45,1
47,1
49,1
50,1
52,1
55,1
58,1
60,1
63,1
65,1
21,0
23,0
26,0
29,0
31,1
33,0
34,1
37,1
39,1
41,1
43,1
46,1
48,1
51,1
53,1
56,1
59,1
61,1
64,1
19,0
24,0
27,0
30,0
32,1
34,1
36,1
37,1
39,1
41,1
42,1
44,1
46,1
48,1
50,1
52,1
54,1
57,1
59,1
62,1
18,0
20,0
22,0
24,0
28,0
31,0
33,1
35,1
38,1
40,1
45,1
47,1
49,1
53,1
55,1
58,1
60,1
62,1
66,1
23,0
26,0
29,0
30,0
34,1
36,1
40,1
43,1
46,1
50,1
52,1
54,1
56,1
58,1
61,1
63,1
65,1
